address,commercial_count,office_count,radius_m,fetched
Ringugnsgatan 14,8,0,500,2026-10-02
Kronborgsvägen 20,50,1,500,2026-10-02
Käglingevägen 154,0,0,500,2026-10-02
Rusthållsgatan 21,0,0,500,2026-10-02
Rååvägen 38,22,0,500,2026-10-02
Lilla Algatan 4A,293,22,500,2026-10-02
"Hyllie, nära stationen",67,1,500,2026-10-02
"Emporia, Hyllie",62,1,500,2026-10-02
Malmö C / Universitetsholmen,299,30,500,2026-10-02
Triangeln,253,10,500,2026-10-02
Fosie industriområde,26,0,500,2026-10-02
Ideon / Science Village,21,8,500,2026-10-02
"Lund C, Bangatan",283,37,500,2026-10-02
Knutpunkten,204,14,500,2026-10-02
Berga industriområde,4,2,500,2026-10-02
